0	how much should i feed my 1 year old english mastiff?
1	are zebra loaches safe with shrimp?
2	are serpae tetras fin nippers?
3	do neon tetras eat shrimp?
4	how much should i feed my english mastiff?
5	is cat skin tougher than human skin?
6	how to tell the difference between a girl and boy bearded dragon?
7	can i put a goldfish in a 2 gallon tank?
8	will betta fish eat snails?
9	is my corn snake male or female?
10	can rabbits get e coli?
11	can i use pink himalayan salt in my aquarium?
12	is my corn snake overweight?
13	are some cats just skinny?
14	do betta fish eat snails?
15	are tiger barbs compatible with tetras?
16	can domestic cats survive in the wild?
17	are christmas trees poisonous to rats?
18	are deaf cats more aggressive?
19	can myiasis kill a dog?
20	does sugar make lemonade flat?
21	how to open a garage door without making noise?
22	are all lawn mower spark plugs the same?
23	what is the difference between potash and wood ash?
24	are blossom end rot tomatoes edible?
25	how moist should compost be?
26	what are the white spots on raspberries?
27	why are the leaves on my pepper plant turning upside down?
28	are burnt leaves good fertilizer?
29	why are my garden carrots white?
30	is azomite the same as diatomaceous earth?
31	are bleached coffee filters compostable?
32	do spruce trees need sunlight?
33	what is the difference between arugula and wild arugula?
34	are glass pots good for plants?
35	why are my parsnips woody?
36	do aloe vera plants die after flowering?
37	what are white spots on raspberries?
38	do booster seats need an anchor point?
39	do car booster seats need to be anchored?
40	are baby stimulation videos good?
41	do booster seats need to be bolted in?
42	can you travel by car with a 1 month old baby?
43	is dreft tested on animals?
44	how often should a 1 year old go outside?
45	are booster seats without latch safe?
46	what age is best to start karate?
47	are booster seats supposed to be anchored?
48	can you use pva glue on balsa wood?
49	what is the difference between street art and outdoor murals?
50	what is the difference between carbon and charcoal pencils?
51	are cloaks warmer than coats?
52	are harvey maps any good?
53	how much water does a person need per day to survive?
54	what is the difference between alpaca wool and sheep wool?
55	do robins appear all year round?
56	how much water do you need to survive each day?
57	is nalgene safe for hot water?
58	what is the difference between white gas and kerosene?
59	are nylon pants good for hot weather?
60	are elk and deer color blind?
61	what is the difference between heat index and feels like temperature?
62	is ants safe to eat?
63	are ice grips any good?
64	what is the difference between front country and backcountry camping?
65	are packs of coyotes dangerous?
66	what is the difference between all mountain and freeride?
67	how to make homemade peanut butter less sticky?
68	what kind of coffee do you use in a coffee maker?
69	what kind of coffee do you use for tiramisu?
70	what is the difference between a percolator and an espresso maker?
71	what is the difference between breakfast blend and medium roast?
72	what kind of coffee do you put in a coffee maker?
73	how many cups in one pound of ground coffee?
74	is weasel coffee safe to drink?
75	how much caffeine in lavazza decaf espresso?
76	what is the difference between jacobs kronung and gold?
77	what are shots in coffee?
78	what is the difference between espresso and americano?
79	are all synths the same?
80	what is the difference between r&b and rock and roll?
81	what is the difference between fender and squier?
82	what is the difference between major 2nd and minor 2nd?
83	what is the difference between a scale and a mode?
84	are nylon and steel strings interchangeable?
85	what is the difference between musical meaning and function?
86	what are chairs in band?
87	is bpm the same as tempo?
88	are usb mics any good?
89	are all guitar capos the same?
90	are barre chords easier on electric guitar?
91	are there different capos for different guitars?
92	what is the difference between beat and pulse?
93	can a cajon replace a drum kit?
94	what are nylon tip drumsticks for?
95	are piano and guitar sheet music the same?
96	is midi better than usb?
97	what is the difference between a cover and a remix?
98	what is accented and unaccented beats?
99	what is the difference between a les paul standard and junior?
100	are phone guitar tuners good?
101	is guitar a c instrument?
102	are bpm and tempo the same?
103	is whammy bar bad for guitar?
104	is aeolian mode the same as minor?
105	can left handed play guitar?
106	what is the difference between musical notes?
107	how many octaves are there?
108	what is the difference between a scale and a key?
109	what is the difference between keys and scales?
110	what is the difference between pulse and beat in music?
111	what is the difference between music genre and music style?
112	are big hands good for guitar?
113	what are silk and steel guitar strings?
114	is a baritone a tuba?
115	can you use a guitar amp for ukulele?
116	what is the difference between time signatures?
117	what are guitar scale patterns?
118	what does 3 2 in music mean?
119	what is the difference between mono stereo and surround sound?
120	what is the difference between pulse and beat?
121	is saxophone harder than clarinet?
122	can cold water make you lose your voice?
123	why a 7 string guitar?
124	is iv major in a minor key?
125	what is the difference between just intonation and equal temperament?
126	how long does it take to get used to guitar strings?
127	what is the difference between a key and a scale?
128	how can you tell the difference between notes with different pitches?
129	are jumbo frets harder to play?
130	what is the difference between fender and squire?
131	what is the difference between c major and d major?
132	are silk and steel strings good?
133	are capos bad for guitars?
134	what are extra jumbo frets?
135	can euphonium play trombone part?
136	are electric pianos any good?
137	are digital pianos any good?
138	do sine waves have overtones?
139	do re mi equivalent a b c?
140	what is the difference between diminished and minor?
141	what is the difference between half diminished and fully diminished?
142	do accidentals apply to both clefs?
143	is fret buzz normal on bass?
144	is romex allowed in conduit?
145	do you caulk j channel to window?
146	where is the pilot light on a magic chef gas oven?
147	are socket to outlet adapters safe?
148	can you put 2 gfci on the same circuit?
149	are usb wall sockets always on?
150	are gfci required in kitchens?
151	are brass ball valves directional?
152	are apollo and sharkbite interchangeable?
153	are all led christmas lights dimmable?
154	can you install engineered hardwood floors over particle board?
155	can u put 2 stroke gas in a 4 stroke?
156	are electrical outlets on studs?
157	do isolation valves reduce water pressure?
158	do i need gfci in bedroom?
159	are ips and npt compatible?
160	are you supposed to sand after primer?
161	are all latex paints acrylic?
162	how to open a garage door from outside without remote?
163	what is the difference between water and sewage?
164	are dishwashers hardwired or plugged in?
165	are furnace control boards interchangeable?
166	what is the difference between water and sewer?
167	are dishwashers plugged in or hardwired?
168	is vinyl peel and stick waterproof?
169	why are heating ducts near windows?
170	what are the coals in a gas fire made of?
171	is gas valve on or off?
172	how often should you clean ac drain line?
173	how many lumens per square foot basement?
174	3/8 bolt what size hole?
175	is all acrylic paint latex?
176	can thhn wire be used without conduit?
177	why do ac capacitors fail?
178	is sds same as sds plus?
179	what is a gj union?
180	are long showers bad for septic systems?
181	how to open garage door when remote is broken?
182	what is the difference between acrylic and vinyl paint?
183	can you put 2 layers of house wrap on?
184	are all dishwashers plug in?
185	what is the standard height and width of stairs?
186	are corded lawn mowers safe?
187	are inverter generators pure sine wave?
188	can mcb protect from lightning?
189	can i put 2 cycle oil in a lawn mower?
190	why do portable air conditioners leak water?
191	do you need redgard on hardibacker?
192	what is the difference between casing and base moulding?
193	what are ceramic coals made of?
194	do ac motors have polarity?
195	is it ok to run an empty refrigerator?
196	how to fix garage door chain not moving?
197	do subpanels need a main breaker?
198	what is a 1 gang outlet?
199	have power to outlet but nothing works?
200	how many outlets can 1 gfci protect?
201	what tools do you need to change door locks?
202	is ips the same as npt?
203	are tv power cords in wall rated?
204	can xps foam board be painted?
205	are all plug sockets the same size?
206	do i need redgard on hardibacker?
207	are wago connectors ok for ring main?
208	how many mbh in a btu?
209	are dimmable lights 3 way?
210	can roxul be left exposed?
211	do risers go on before treads?
212	are solid core doors worth it?
213	can a dryer vent touch wood?
214	do aeration septic systems work?
215	can mud go down the drain?
216	what is 250v 3 phase?
217	what are artificial coals made of?
218	are hdx tools any good?
219	are grounds and neutrals on the same bus?
220	why are hvac vents under windows?
221	should you wear gloves when using a bandsaw?
222	are stick on tiles waterproof?
223	do doorbell transformers get hot?
224	what is the difference between input and output voltage?
225	is primer supposed to look streaky?
226	are there garbage disposals in europe?
227	what is the difference between output power?
228	is load the same as common?
229	do stainless steel screws rust?
230	what is the difference between solid core and hollow core doors?
231	what is a switching neutral?
232	do saddle valves go bad?
233	how much freon is in a window air conditioner?
234	are splices allowed in breaker panel?
235	does sds plus fit sds?
236	can gfci receptacles be split?
237	do ac lines need to be insulated?
238	what does vsr drill mean?
239	what is the difference between low e and argon gas?
240	are led lights slow to turn on?
241	are slab floors cold in winter?
242	can you cut b vent?
243	can romex run through conduit?
244	can nm-b wire be used outdoors?
245	will gfci fix open ground?
246	do satellite dishes need power?
247	what bolts are rust proof?
248	do welders need a neutral?
249	do i need redgard on cement board?
250	is baking soda bad for drains?
251	how many inches between steps?
252	do switches need to be grounded?
253	can gfci be wired in series?
254	are bushings required on pvc conduit?
255	are gfci required in bedrooms?
256	are gfci outlets required in finished basements?
257	what is the difference between sewer and water?
258	can gfci outlet be switched?
259	are green wire nuts required?
260	can you put 2 stroke in a lawn mower?
261	can outlets and lights be on the same circuit?
262	are built in dishwashers hardwired?
263	are there different amp gfci outlets?
264	are large tiles more likely to crack?
265	do risers go on top of treads?
266	do subpanels need to be grounded?
267	do command strips hold up shelves?
268	do light switches have to be grounded?
269	can cfl bulbs be used in enclosed fixtures?
270	how many outlets on 1 gfci?
271	can you use two different brands of polyurethane?
272	are npt and ips the same thread size?
273	there are no studs in my wall?
274	what is the difference between base and crown moulding?
275	what is the best temperature to set a dehumidifier?
276	what is the difference between pocket hole screws and regular screws?
277	what is the difference between acrylic and latex primer?
278	can kilz kill black mold?
279	are look keo cleats spd compatible?
280	do cycling gloves make a difference?
281	are bike lights too bright?
282	are all bike seats interchangeable?
283	do shifters and derailleurs have to match?
284	what kind of chain do i need for my bike?
285	are fixed gear bikes safe?
286	is wd40 a lubricant or degreaser?
287	why are cranksets so expensive?
288	are fixed gear bikes dangerous?
289	what are narrow wide chainrings?
290	what size chain do i need for my mountain bike?
291	can you see who visits your profile on strava?
292	are quick release skewers universal?
293	are road and mtb gear cables the same?
294	what gear should i leave my bike in?
295	why are aero bars not allowed?
296	are back pedal brakes safe?
297	are gel saddles any good?
298	are gxp and hollowtech compatible?
299	are all freehubs the same size?
300	are look delta and spd sl compatible?
301	are shimano and sram 10 speed cassettes compatible?
302	how long to ride 20 km?
303	are bikes okay in the rain?
304	is gxp compatible with hollowtech?
305	is a bike a vehicle?
306	why are some hubs louder than others?
307	are brake and shifter cables the same?
308	what is a category 5 climb?
309	tires that are nail proof?
310	are roads quieter on sundays?
311	are hub gears any good?
312	is 7 gears enough on a bike?
313	can any mtb tire be tubeless?
314	are spd and spd sl compatible?
315	how long does it take to ride a bike 20 km?
316	is 20 km h fast?
317	how long to bike 1 km?
318	how long does it take to get used to bike seat?
319	how long should you wait to open radiator cap?
320	what is the difference between map and maf sensor?
321	what is the tyre pressure for low profile tyres?
322	can rod knock be fixed?
323	how much does it cost to recharge a car battery?
324	what are map and maf sensors?
325	are brake pads supposed to be loose?
326	what happens if you drive car without water?
327	can i drive my car without a radiator?
328	can fix a flat freeze?
329	do dtc codes clear themselves?
330	can i use rtv with a gasket?
331	how much does it cost to charge a car battery at home?
332	can i use synthetic oil after using regular?
333	do automatic or manual transmissions last longer?
334	can you put an automatic car in neutral while driving?
335	is jumpstarting a car safe?
336	can i use synthetic brake fluid in my car?
337	are all hybrids automatic transmission?
338	is brake fluid water soluble?
339	can i use rtv on thermostat housing?
340	will a bad starter drain battery?
341	do impact sockets make a difference?
342	is 44 psi too much?
343	where are fuses on renault scenic?
344	are crank and cam sensors the same?
345	what is the difference between long and short gears?
346	what is the difference between impact and regular sockets?
347	what happens if i drive my car in 3rd gear?
348	how much does diesel expand with temperature?
349	how many amps does a vehicle use?
350	can c vs can ihs?
351	do automatic transmissions last longer than manual?
352	are valve cover gaskets reusable?
353	what is the difference between ac and max ac?
354	do rotors always need to be replaced with pads?
355	how accurate are engine dynos?
356	is uv dye bad for coolant?
357	can i drive without a radiator?
358	does automatic transmission last longer than manual?
359	will dtc codes clear themselves?
360	why is fwd more efficient?
361	what happens when you put transmission fluid in with your motor oil?
362	can hybrid batteries be tested?
363	can i drive my car after putting coolant?
364	how much water does an average radiator hold?
365	is wd40 ok to use on rubber?
366	obd2 port has no power?
367	how long do you have to wait to put coolant in your car?
368	can i tow an automatic car in neutral?
369	how much hp does a power steering pump use?
370	what is the difference between a wet clutch and a dry clutch?
371	can subaru be flat towed?
372	are map and maf sensors the same?
373	rpms are jumping up and down?
374	are tires removed for alignment?
375	are any subaru's flat towable?
376	what is the difference between high and low octane gas?
377	are split cv boots good?
378	what is the difference between front and rear rotors?
379	are boxer engines hard to work on?
380	can i drive my car with a broken spark plug?
381	do amps matter on car battery?
382	do sway bars stiffer ride?
383	how many watts does it take to jump a car?
384	are trailer axles supposed to be bent?
385	can i use synthetic brake fluid?
386	can you put 2 batteries in a car?
387	how much air should i put in low profile tires?
388	can you use synthetic oil after using regular oil?
389	are obd scanners worth it?
390	can i use rtv instead of a gasket?
391	what is the difference between cold cranking amps and amp hours?
392	do i bleed brakes with engine running?
393	when bleeding brakes should the car be on?
394	how does automatic transmission park work?
395	what is the difference between spark plug types?
396	can you use rtv instead of a gasket?
397	what is the difference between ignition coil and direct ignition coil?
398	are all oil filter threads the same?
399	can you change only 1 spark plug?
400	what is the difference between synthetic brake fluid?
401	are chain driven cars good?
402	what happens when you drive your car in the wrong gear?
403	are blue dot tail lights legal?
404	is wd 40 safe for electrical connections?
405	do cheap jumper cables work?
406	are drum brakes cheaper than disc?
407	will a warped head cause low compression?
408	can i drive a car without a radiator?
409	can you ruin a manual transmission?
410	do i add coolant with car running?
411	do hazard lights come on automatically?
412	is there a fuse for airbags?
413	what last longer manual or automatic transmission?
414	how much does it cost to replace a scion tc engine?
415	are both radiator hoses supposed to be hot?
416	is there a difference between red and clear power steering fluid?
